,ID,Name,Sex,Age,Height,Weight,Team,NOC,Games,Year,Season,City,Sport,Event,Medal
1863,1023,"Adriana ""Adrianinha"" Moiss Pinto",F,21.0,170.0,65.0,Brazil,BRA,2000 Summer,2000,Summer,Sydney,Basketball,Basketball Women's Basketball,Bronze
4457,2546,Alessandra dos Santos de Oliveira,F,22.0,200.0,85.0,Brazil,BRA,1996 Summer,1996,Summer,Atlanta,Basketball,Basketball Women's Basketball,Silver
4458,2546,Alessandra dos Santos de Oliveira,F,26.0,200.0,85.0,Brazil,BRA,2000 Summer,2000,Summer,Sydney,Basketball,Basketball Women's Basketball,Bronze
4562,2592,"Alexandre ""Alexandre Pato"" Rodrigues da Silva",M,22.0,179.0,71.0,Brazil,BRA,2012 Summer,2012,Summer,London,Football,Football Men's Football,Silver
5323,3017,Alosio Pires Alves,M,25.0,182.0,74.0,Brazil,BRA,1988 Summer,1988,Summer,Seoul,Football,Football Men's Football,Silver
5720,3227,Thiago Soares Alves,M,25.0,194.0,88.0,Brazil,BRA,2012 Summer,2012,Summer,London,Volleyball,Volleyball Men's Volleyball,Silver
5860,3301,"Alexandre ""Amaral"" da Silva Mariano",M,23.0,170.0,67.0,Brazil,BRA,1996 Summer,1996,Summer,Atlanta,Football,Football Men's Football,Bronze
5932,3331,Amaury Antnio Pasos,M,24.0,190.0,90.0,Brazil,BRA,1960 Summer,1960,Summer,Roma,Basketball,Basketball Men's Basketball,Bronze
6447,3615,Ana Paula Rodrigues Connelly (-Rodrigues Henkel),F,24.0,183.0,68.0,Brazil,BRA,1996 Summer,1996,Summer,Atlanta,Volleyball,Volleyball Women's Volleyball,Bronze
6759,3789,nderson Lus de Abreu Oliveira,M,20.0,176.0,77.0,Brazil,BRA,2008 Summer,2008,Summer,Beijing,Football,Football Men's Football,Bronze
7208,4030,Jorge Luiz Andrade da Silva,M,31.0,170.0,72.0,Brazil,BRA,1988 Summer,1988,Summer,Seoul,Football,Football Men's Football,Silver
7244,4055,Andr Luiz Moreira,M,21.0,183.0,79.0,Brazil,BRA,1996 Summer,1996,Summer,Atlanta,Football,Football Men's Football,Bronze
7276,4071,Andr Lus dos Santos Ferreira,M,24.0,180.0,82.0,Brazil,BRA,1984 Summer,1984,Summer,Los Angeles,Football,Football Men's Football,Silver
7329,4101,Andria Suntaque,F,26.0,175.0,65.0,Brazil,BRA,2004 Summer,2004,Summer,Athina,Football,Football Women's Football,Silver
7330,4101,Andria Suntaque,F,30.0,175.0,65.0,Brazil,BRA,2008 Summer,2008,Summer,Beijing,Football,Football Women's Football,Silver
12223,6643,"Antnio Carlos ""Badalhoca"" Gueiros Ribeiro",M,26.0,193.0,84.0,Brazil,BRA,1984 Summer,1984,Summer,Los Angeles,Volleyball,Volleyball Men's Volleyball,Silver
14312,7716,Brbara Seixas de Freitas,F,29.0,178.0,67.0,Brazil-1,BRA,2016 Summer,2016,Summer,Rio de Janeiro,Beach Volleyball,Beach Volleyball Women's Beach Volleyball,Silver
14313,7717,Brbara Micheline do Monte Barbosa,F,20.0,171.0,71.0,Brazil,BRA,2008 Summer,2008,Summer,Beijing,Football,Football Women's Football,Silver
15904,8573,Joo Santos Batista,M,27.0,179.0,68.0,Brazil,BRA,1988 Summer,1988,Summer,Seoul,Football,Football Men's Football,Silver
17002,9107,"Jos Roberto ""Bebeto"" Gama de Oliveira",M,24.0,177.0,69.0,Brazil,BRA,1988 Summer,1988,Summer,Seoul,Football,Football Men's Football,Silver
17003,9107,"Jos Roberto ""Bebeto"" Gama de Oliveira",M,32.0,177.0,69.0,Brazil,BRA,1996 Summer,1996,Summer,Atlanta,Football,Football Men's Football,Bronze
17468,9307,gatha Bednarczuk Rippel,F,33.0,182.0,70.0,Brazil-1,BRA,2016 Summer,2016,Summer,Rio de Janeiro,Beach Volleyball,Beach Volleyball Women's Beach Volleyball,Silver
20234,10672,Bernard Rajzman,M,27.0,187.0,89.0,Brazil,BRA,1984 Summer,1984,Summer,Los Angeles,Volleyball,Volleyball Men's Volleyball,Silver
20303,10711,"Bernardo ""Bernardinho"" Rocha de Rezende",M,25.0,185.0,80.0,Brazil,BRA,1984 Summer,1984,Summer,Los Angeles,Volleyball,Volleyball Men's Volleyball,Silver
22109,11648,"Ubiratan ""Bira"" Pereira Maciel",M,20.0,196.0,96.0,Brazil,BRA,1964 Summer,1964,Summer,Tokyo,Basketball,Basketball Men's Basketball,Bronze
25796,13462,Gustavo Frana Borges,M,23.0,203.0,98.0,Brazil,BRA,1996 Summer,1996,Summer,Atlanta,Swimming,Swimming Men's 200 metres Freestyle,Silver
25807,13466,Maurcio Borges Almeida Silva,M,27.0,199.0,99.0,Brazil,BRA,2016 Summer,2016,Summer,Rio de Janeiro,Volleyball,Volleyball Men's Volleyball,Gold
28160,14601,"Maria Anglica ""Branca"" Gonalves da Silva",F,30.0,170.0,68.0,Brazil,BRA,1996 Summer,1996,Summer,Atlanta,Basketball,Basketball Women's Basketball,Silver
28902,14958,Breno Vinicius Rodrigues Borges,M,18.0,187.0,88.0,Brazil,BRA,2008 Summer,2008,Summer,Beijing,Football,Football Men's Football,Bronze
30652,15791,"Bruno ""Bruninho"" Mossa de Rezende",M,22.0,190.0,76.0,Brazil,BRA,2008 Summer,2008,Summer,Beijing,Volleyball,Volleyball Men's Volleyball,Silver
30653,15791,"Bruno ""Bruninho"" Mossa de Rezende",M,26.0,190.0,76.0,Brazil,BRA,2012 Summer,2012,Summer,London,Volleyball,Volleyball Men's Volleyball,Silver
30654,15791,"Bruno ""Bruninho"" Mossa de Rezende",M,30.0,190.0,76.0,Brazil,BRA,2016 Summer,2016,Summer,Rio de Janeiro,Volleyball,Volleyball Men's Volleyball,Gold
35368,18212,"Hamilton ""Careca"" de Souza",M,19.0,170.0,67.0,Brazil,BRA,1988 Summer,1988,Summer,Seoul,Football,Football Men's Football,Silver
35447,18253,"Antnio Carlos ""Carlo"" Aguilar Gouveia",M,27.0,196.0,93.0,Brazil,BRA,1992 Summer,1992,Summer,Barcelona,Volleyball,Volleyball Men's Volleyball,Gold
35850,18420,"Carolina ""Carol"" Demartini de Albuquerque",F,31.0,182.0,76.0,Brazil,BRA,2008 Summer,2008,Summer,Beijing,Volleyball,Volleyball Women's Volleyball,Gold
40195,20669,"Francisco Carlos ""Chico"" Martins Vidal",M,21.0,185.0,85.0,Brazil,BRA,1984 Summer,1984,Summer,Los Angeles,Football,Football Men's Football,Silver
41795,21544,Csar Augusto Cielo Filho,M,21.0,195.0,80.0,Brazil,BRA,2008 Summer,2008,Summer,Beijing,Swimming,Swimming Men's 100 metres Freestyle,Bronze
41940,21615,Cntia Silva dos Santos,F,21.0,195.0,83.0,Brazil,BRA,1996 Summer,1996,Summer,Atlanta,Basketball,Basketball Women's Basketball,Silver
41941,21615,Cntia Silva dos Santos,F,25.0,195.0,83.0,Brazil,BRA,2000 Summer,2000,Summer,Sydney,Basketball,Basketball Women's Basketball,Bronze
42469,21909,Cludia Maria Pastor,F,25.0,192.0,84.0,Brazil,BRA,1996 Summer,1996,Summer,Atlanta,Basketball,Basketball Women's Basketball,Silver
42470,21910,"Cludia Maria ""Cludinha"" das Neves",F,25.0,170.0,67.0,Brazil,BRA,2000 Summer,2000,Summer,Sydney,Basketball,Basketball Women's Basketball,Bronze
43885,22621,Flvio da Conceio,M,22.0,177.0,74.0,Brazil,BRA,1996 Summer,1996,Summer,Atlanta,Football,Football Men's Football,Bronze
44709,23039,Burkhard Cordes,M,29.0,177.0,75.0,Brazil,BRA,1968 Summer,1968,Summer,Mexico City,Sailing,Sailing Mixed Two Person Heavyweight Dinghy,Bronze
46177,23834,Cristiane Rozeira de Souza Silva,F,19.0,176.0,69.0,Brazil,BRA,2004 Summer,2004,Summer,Athina,Football,Football Women's Football,Silver
46178,23834,Cristiane Rozeira de Souza Silva,F,23.0,176.0,69.0,Brazil,BRA,2008 Summer,2008,Summer,Beijing,Football,Football Women's Football,Silver
46557,24026,Andr Alves da Cruz,M,19.0,172.0,70.0,Brazil,BRA,1988 Summer,1988,Summer,Seoul,Football,Football Men's Football,Silver
46597,24049,Mlton Cruz,M,26.0,178.0,67.0,Brazil,BRA,1984 Summer,1984,Summer,Los Angeles,Football,Football Men's Football,Silver
47881,24678,Adhemar Ferreira da Silva,M,24.0,178.0,69.0,Brazil,BRA,1952 Summer,1952,Summer,Helsinki,Athletics,Athletics Men's Triple Jump,Gold
47905,24687,Arnaldo de Oliveira da Silva,M,32.0,174.0,71.0,Brazil,BRA,1996 Summer,1996,Summer,Atlanta,Athletics,Athletics Men's 4 x 100 metres Relay,Bronze
47909,24689,Claudinei Quirino da Silva,M,29.0,186.0,88.0,Brazil,BRA,2000 Summer,2000,Summer,Sydney,Athletics,Athletics Men's 4 x 100 metres Relay,Silver
47984,24730,Rafael Carlos da Silva,M,25.0,203.0,160.0,Brazil,BRA,2012 Summer,2012,Summer,London,Judo,Judo Men's Heavyweight,Bronze
47985,24730,Rafael Carlos da Silva,M,29.0,203.0,160.0,Brazil,BRA,2016 Summer,2016,Summer,Rio de Janeiro,Judo,Judo Men's Heavyweight,Bronze
47989,24731,Rbson Caetano da Silva,M,24.0,187.0,74.0,Brazil,BRA,1988 Summer,1988,Summer,Seoul,Athletics,Athletics Men's 200 metres,Bronze
47994,24731,Rbson Caetano da Silva,M,31.0,187.0,74.0,Brazil,BRA,1996 Summer,1996,Summer,Atlanta,Athletics,Athletics Men's 4 x 100 metres Relay,Bronze
48703,25104,Leandro Damio da Silva dos Santos,M,23.0,187.0,84.0,Brazil,BRA,2012 Summer,2012,Summer,London,Football,Football Men's Football,Silver
48910,25208,Daniela Alves Lima,F,20.0,171.0,66.0,Brazil,BRA,2004 Summer,2004,Summer,Athina,Football,Football Women's Football,Silver
48911,25208,Daniela Alves Lima,F,24.0,171.0,66.0,Brazil,BRA,2008 Summer,2008,Summer,Beijing,Football,Football Women's Football,Silver
49009,25255,Danilo Luiz da Silva,M,21.0,184.0,73.0,Brazil,BRA,2012 Summer,2012,Summer,London,Football,Football Men's Football,Silver
49143,25307,Dante Guimares Santos do Amaral,M,23.0,201.0,86.0,Brazil,BRA,2004 Summer,2004,Summer,Athina,Volleyball,Volleyball Men's Volleyball,Gold
49144,25307,Dante Guimares Santos do Amaral,M,27.0,201.0,86.0,Brazil,BRA,2008 Summer,2008,Summer,Beijing,Volleyball,Volleyball Men's Volleyball,Silver
49145,25307,Dante Guimares Santos do Amaral,M,31.0,201.0,86.0,Brazil,BRA,2012 Summer,2012,Summer,London,Volleyball,Volleyball Men's Volleyball,Silver
49605,25555,"David ""Davi"" Cortez Silva",M,20.0,178.0,71.0,Brazil,BRA,1984 Summer,1984,Summer,Los Angeles,Football,Football Men's Football,Silver
51302,26375,Vicente Lenlson de Lima,M,23.0,166.0,66.0,Brazil,BRA,2000 Summer,2000,Summer,Sydney,Athletics,Athletics Men's 4 x 100 metres Relay,Silver
51306,26375,Vicente Lenlson de Lima,M,31.0,166.0,66.0,Brazil,BRA,2008 Summer,2008,Summer,Beijing,Athletics,Athletics Men's 4 x 100 metres Relay,Bronze
55339,28380,"Nelson de Jess ""Dida"" Silva",M,22.0,195.0,85.0,Brazil,BRA,1996 Summer,1996,Summer,Atlanta,Football,Football Men's Football,Bronze
55413,28416,Diego Ribas da Cunha,M,23.0,173.0,73.0,Brazil,BRA,2008 Summer,2008,Summer,Beijing,Football,Football Men's Football,Bronze
56689,29041,"Alvaro Affonso ""Doda"" de Miranda Neto",M,23.0,186.0,86.0,Brazil,BRA,1996 Summer,1996,Summer,Atlanta,Equestrianism,"Equestrianism Mixed Jumping, Team",Bronze
56691,29041,"Alvaro Affonso ""Doda"" de Miranda Neto",M,27.0,186.0,86.0,Brazil,BRA,2000 Summer,2000,Summer,Sydney,Equestrianism,"Equestrianism Mixed Jumping, Team",Bronze
57108,29255,"Domingos ""Domingos Maracan"" Lampariello Neto",M,23.0,198.0,92.0,Brazil,BRA,1984 Summer,1984,Summer,Los Angeles,Volleyball,Volleyball Men's Volleyball,Silver
57985,29673,Douglas Chiarotti,M,21.0,200.0,93.0,Brazil,BRA,1992 Summer,1992,Summer,Barcelona,Volleyball,Volleyball Men's Volleyball,Gold
59858,30647,"Carlos Caetano ""Dunga"" Bledorn Verri",M,20.0,174.0,68.0,Brazil,BRA,1984 Summer,1984,Summer,Los Angeles,Football,Football Men's Football,Silver
61260,31381,der Francis Carbonera,M,32.0,205.0,107.0,Brazil,BRA,2016 Summer,2016,Summer,Rio de Janeiro,Volleyball,Volleyball Men's Volleyball,Gold
61363,31426,Edmar Bernardes dos Santos,M,28.0,175.0,72.0,Brazil,BRA,1988 Summer,1988,Summer,Seoul,Football,Football Men's Football,Silver
61416,31456,"Edson ""Edson Bispo"" Bispo dos Santos",M,25.0,195.0,86.0,Brazil,BRA,1960 Summer,1960,Summer,Roma,Basketball,Basketball Men's Basketball,Bronze
61417,31456,"Edson ""Edson Bispo"" Bispo dos Santos",M,29.0,195.0,86.0,Brazil,BRA,1964 Summer,1964,Summer,Tokyo,Basketball,Basketball Men's Basketball,Bronze
62829,32207,Elaine Estrela Moura,F,21.0,167.0,61.0,Brazil,BRA,2004 Summer,2004,Summer,Athina,Football,Football Women's Football,Silver
63345,32468,Emanuel Fernando Scheffler Rego,M,31.0,190.0,80.0,Brazil-1,BRA,2004 Summer,2004,Summer,Athina,Beach Volleyball,Beach Volleyball Men's Beach Volleyball,Gold
63347,32468,Emanuel Fernando Scheffler Rego,M,39.0,190.0,80.0,Brazil-1,BRA,2012 Summer,2012,Summer,London,Beach Volleyball,Beach Volleyball Men's Beach Volleyball,Silver
64266,32920,rika Cristiano dos Santos,F,20.0,172.0,55.0,Brazil,BRA,2008 Summer,2008,Summer,Beijing,Football,Football Women's Football,Silver
64675,33095,"Srgio ""Escadinha"" Dutra dos Santos",M,28.0,184.0,78.0,Brazil,BRA,2004 Summer,2004,Summer,Athina,Volleyball,Volleyball Men's Volleyball,Gold
64676,33095,"Srgio ""Escadinha"" Dutra dos Santos",M,32.0,184.0,78.0,Brazil,BRA,2008 Summer,2008,Summer,Beijing,Volleyball,Volleyball Men's Volleyball,Silver
64677,33095,"Srgio ""Escadinha"" Dutra dos Santos",M,36.0,184.0,78.0,Brazil,BRA,2012 Summer,2012,Summer,London,Volleyball,Volleyball Men's Volleyball,Silver
64678,33095,"Srgio ""Escadinha"" Dutra dos Santos",M,40.0,184.0,78.0,Brazil,BRA,2016 Summer,2016,Summer,Rio de Janeiro,Volleyball,Volleyball Men's Volleyball,Gold
65046,33293,Ester Aperecida dos Santos,F,25.0,164.0,56.0,Brazil,BRA,2008 Summer,2008,Summer,Beijing,Football,Football Women's Football,Silver
65709,33630,"Fabiana ""Fabi"" Alvim de Oliveira",F,28.0,169.0,59.0,Brazil,BRA,2008 Summer,2008,Summer,Beijing,Volleyball,Volleyball Women's Volleyball,Gold
65710,33630,"Fabiana ""Fabi"" Alvim de Oliveira",F,32.0,169.0,59.0,Brazil,BRA,2012 Summer,2012,Summer,London,Volleyball,Volleyball Women's Volleyball,Gold
65723,33637,Fabiana da Silva Simes,F,19.0,161.0,56.0,Brazil,BRA,2008 Summer,2008,Summer,Beijing,Football,Football Women's Football,Silver
65727,33638,Fabiana Marcelino Claudino,F,23.0,193.0,76.0,Brazil,BRA,2008 Summer,2008,Summer,Beijing,Volleyball,Volleyball Women's Volleyball,Gold
65728,33638,Fabiana Marcelino Claudino,F,27.0,193.0,76.0,Brazil,BRA,2012 Summer,2012,Summer,London,Volleyball,Volleyball Women's Volleyball,Gold
65738,33646,Fbio Luiz de Jesus Magalhes,M,29.0,204.0,101.0,Brazil-1,BRA,2008 Summer,2008,Summer,Beijing,Beach Volleyball,Beach Volleyball Men's Beach Volleyball,Silver
66172,33850,Yamaguchi Falco Florentino,M,24.0,181.0,77.0,Brazil,BRA,2012 Summer,2012,Summer,London,Boxing,Boxing Men's Light-Heavyweight,Bronze
67590,34546,Felipe Anderson Perieira Gomes,M,23.0,178.0,66.0,Brazil,BRA,2016 Summer,2016,Summer,Rio de Janeiro,Football,Football Men's Football,Gold
68006,34735,Fernanda Porto Venturini,F,25.0,180.0,66.0,Brazil,BRA,1996 Summer,1996,Summer,Atlanta,Volleyball,Volleyball Women's Volleyball,Bronze
68010,34737,"Fernando ""Fernando"" Roscio de vila",M,29.0,199.0,92.0,Brazil,BRA,1984 Summer,1984,Summer,Los Angeles,Volleyball,Volleyball Men's Volleyball,Silver
68341,34900,"Fernanda ""Fernandinha"" Ferreira",F,32.0,172.0,66.0,Brazil,BRA,2012 Summer,2012,Summer,London,Volleyball,Volleyball Women's Volleyball,Gold
68941,35158,Peter Ficker,M,25.0,190.0,86.0,Brazil,BRA,1976 Summer,1976,Summer,Montreal,Sailing,Sailing Mixed Two Person Heavyweight Dinghy,Bronze
69414,35372,"Ericlia ""Fil"" Bodziak",F,26.0,192.0,84.0,Brazil,BRA,1996 Summer,1996,Summer,Atlanta,Volleyball,Volleyball Women's Volleyball,Bronze
70516,35894,Esquiva Falco Florentino,M,22.0,171.0,75.0,Brazil,BRA,2012 Summer,2012,Summer,London,Boxing,Boxing Men's Middleweight,Silver
70731,36017,"Hlia ""Fofo"" Rogrio de Souza Pinto",F,26.0,173.0,63.0,Brazil,BRA,1996 Summer,1996,Summer,Atlanta,Volleyball,Volleyball Women's Volleyball,Bronze
70732,36017,"Hlia ""Fofo"" Rogrio de Souza Pinto",F,30.0,173.0,63.0,Brazil,BRA,2000 Summer,2000,Summer,Sydney,Volleyball,Volleyball Women's Volleyball,Bronze
70734,36017,"Hlia ""Fofo"" Rogrio de Souza Pinto",F,38.0,173.0,63.0,Brazil,BRA,2008 Summer,2008,Summer,Beijing,Volleyball,Volleyball Women's Volleyball,Gold
71247,36289,"Miraildes ""Formiga"" Maciel Mota",F,26.0,162.0,53.0,Brazil,BRA,2004 Summer,2004,Summer,Athina,Football,Football Women's Football,Silver
71248,36289,"Miraildes ""Formiga"" Maciel Mota",F,30.0,162.0,53.0,Brazil,BRA,2008 Summer,2008,Summer,Beijing,Football,Football Women's Football,Silver
72041,36651,Francielle Manoel Alberto,F,18.0,161.0,61.0,Brazil,BRA,2008 Summer,2008,Summer,Beijing,Football,Football Women's Football,Silver
72913,37055,Clinio Freitas,M,24.0,182.0,70.0,Brazil,BRA,1988 Summer,1988,Summer,Seoul,Sailing,Sailing Mixed Multihull,Bronze
73331,37266,"Friedrich Wilhelm ""Fritz"" Braun",M,23.0,193.0,92.0,Brazil,BRA,1964 Summer,1964,Summer,Tokyo,Basketball,Basketball Men's Basketball,Bronze
74439,37807,Gabriel Barbosa Almeida,M,19.0,178.0,68.0,Brazil,BRA,2016 Summer,2016,Summer,Rio de Janeiro,Football,Football Men's Football,Gold
74440,37808,Gabriel Fernando de Jesus,M,19.0,175.0,68.0,Brazil,BRA,2016 Summer,2016,Summer,Rio de Janeiro,Football,Football Men's Football,Gold
75259,38191,Mauro Geraldo Galvo,M,22.0,180.0,74.0,Brazil,BRA,1984 Summer,1984,Summer,Los Angeles,Football,Football Men's Football,Silver
75584,38374,"Paulo Henrique ""Ganso"" Chagas de Lima",M,22.0,184.0,78.0,Brazil,BRA,2012 Summer,2012,Summer,London,Football,Football Men's Football,Silver
75752,38457,Fernanda Garay Rodrigues,F,26.0,181.0,75.0,Brazil,BRA,2012 Summer,2012,Summer,London,Volleyball,Volleyball Women's Volleyball,Gold
78078,39645,Geovani Faria da Silva,M,24.0,169.0,69.0,Brazil,BRA,1988 Summer,1988,Summer,Seoul,Football,Football Men's Football,Silver
79027,40131,"Gilberto Amauri ""Giba"" de Godoy Filho",M,27.0,192.0,85.0,Brazil,BRA,2004 Summer,2004,Summer,Athina,Volleyball,Volleyball Men's Volleyball,Gold
79028,40131,"Gilberto Amauri ""Giba"" de Godoy Filho",M,31.0,192.0,85.0,Brazil,BRA,2008 Summer,2008,Summer,Beijing,Volleyball,Volleyball Men's Volleyball,Silver
79029,40131,"Gilberto Amauri ""Giba"" de Godoy Filho",M,35.0,192.0,85.0,Brazil,BRA,2012 Summer,2012,Summer,London,Volleyball,Volleyball Men's Volleyball,Silver
79525,40389,Gilmar Lus Rinaldi,M,25.0,185.0,82.0,Brazil,BRA,1984 Summer,1984,Summer,Los Angeles,Football,Football Men's Football,Silver
79741,40494,Giovane Farinazzo Gvio,M,21.0,196.0,90.0,Brazil,BRA,1992 Summer,1992,Summer,Barcelona,Volleyball,Volleyball Men's Volleyball,Gold
79744,40494,Giovane Farinazzo Gvio,M,33.0,196.0,90.0,Brazil,BRA,2004 Summer,2004,Summer,Athina,Volleyball,Volleyball Men's Volleyball,Gold
83120,42226,Lars Schmidt Grael,M,24.0,185.0,80.0,Brazil,BRA,1988 Summer,1988,Summer,Seoul,Sailing,Sailing Mixed Multihull,Bronze
83122,42226,Lars Schmidt Grael,M,32.0,185.0,80.0,Brazil,BRA,1996 Summer,1996,Summer,Atlanta,Sailing,Sailing Mixed Multihull,Bronze
83125,42229,Torben Schmidt Grael,M,24.0,185.0,88.0,Brazil,BRA,1984 Summer,1984,Summer,Los Angeles,Sailing,Sailing Mixed Three Person Keelboat,Silver
83126,42229,Torben Schmidt Grael,M,28.0,185.0,88.0,Brazil,BRA,1988 Summer,1988,Summer,Seoul,Sailing,Sailing Mixed Two Person Keelboat,Bronze
83128,42229,Torben Schmidt Grael,M,35.0,185.0,88.0,Brazil,BRA,1996 Summer,1996,Summer,Atlanta,Sailing,Sailing Mixed Two Person Keelboat,Gold
83129,42229,Torben Schmidt Grael,M,40.0,185.0,88.0,Brazil,BRA,2000 Summer,2000,Summer,Sydney,Sailing,Sailing Mixed Two Person Keelboat,Bronze
83130,42229,Torben Schmidt Grael,M,44.0,185.0,88.0,Brazil,BRA,2004 Summer,2004,Summer,Athina,Sailing,Sailing Men's Two Person Keelboat,Gold
83719,42559,Grazielle Pinheiro Guimares Nascimento,F,23.0,162.0,54.0,Brazil,BRA,2004 Summer,2004,Summer,Athina,Football,Football Women's Football,Silver
85929,43570,Evandro Motta Guerra,M,34.0,207.0,106.0,Brazil,BRA,2016 Summer,2016,Summer,Rio de Janeiro,Volleyball,Volleyball Men's Volleyball,Gold
86122,43669,Ronaldo Guiaro,M,22.0,186.0,77.0,Brazil,BRA,1996 Summer,1996,Summer,Atlanta,Football,Football Men's Football,Bronze
86228,43708,Leandro Marques Guilheiro,M,21.0,176.0,81.0,Brazil,BRA,2004 Summer,2004,Summer,Athina,Judo,Judo Men's Lightweight,Bronze
86229,43708,Leandro Marques Guilheiro,M,24.0,176.0,81.0,Brazil,BRA,2008 Summer,2008,Summer,Beijing,Judo,Judo Men's Lightweight,Bronze
86980,44116,Gustavo Endres,M,28.0,203.0,98.0,Brazil,BRA,2004 Summer,2004,Summer,Athina,Volleyball,Volleyball Men's Volleyball,Gold
86981,44116,Gustavo Endres,M,32.0,203.0,98.0,Brazil,BRA,2008 Summer,2008,Summer,Beijing,Volleyball,Volleyball Men's Volleyball,Silver
93605,47390,Helen Cristina Santos Luz,F,27.0,175.0,61.0,Brazil,BRA,2000 Summer,2000,Summer,Sydney,Basketball,Basketball Women's Basketball,Bronze
93701,47434,Andr Heller,M,28.0,199.0,93.0,Brazil,BRA,2004 Summer,2004,Summer,Athina,Volleyball,Volleyball Men's Volleyball,Gold
93702,47434,Andr Heller,M,32.0,199.0,93.0,Brazil,BRA,2008 Summer,2008,Summer,Beijing,Volleyball,Volleyball Men's Volleyball,Silver
95005,48108,Anderson Hernanes de Carvalho Andrade Lima,M,23.0,180.0,76.0,Brazil,BRA,2008 Summer,2008,Summer,Beijing,Football,Football Men's Football,Bronze
96064,48638,Hilma Aparecida Caldeira,F,24.0,182.0,74.0,Brazil,BRA,1996 Summer,1996,Summer,Atlanta,Volleyball,Volleyball Women's Volleyball,Bronze
98339,49769,Carlos Eduardo Honorato,M,25.0,175.0,90.0,Brazil,BRA,2000 Summer,2000,Summer,Sydney,Judo,Judo Men's Middleweight,Silver
98869,50041,Hortncia Maria de Ftima Marcari Oliva,F,36.0,174.0,60.0,Brazil,BRA,1996 Summer,1996,Summer,Atlanta,Basketball,Basketball Women's Basketball,Silver
100754,50948,"Givanildo ""Hulk"" Vieira de Souza",M,26.0,180.0,75.0,Brazil,BRA,2012 Summer,2012,Summer,London,Football,Football Men's Football,Silver
102025,51607,Ana Ida Margarita  Alvarez Vieira,F,31.0,177.0,60.0,Brazil,BRA,1996 Summer,1996,Summer,Atlanta,Volleyball,Volleyball Women's Volleyball,Bronze
102599,51904,"Ilson Pereira ""Ilsinho"" Dias Jnior",M,22.0,170.0,70.0,Brazil,BRA,2008 Summer,2008,Summer,Beijing,Football,Football Men's Football,Bronze
105946,53594,Janelson dos Santos Carvalho,M,23.0,195.0,85.0,Brazil,BRA,1992 Summer,1992,Summer,Barcelona,Volleyball,Volleyball Men's Volleyball,Gold
105956,53600,Janeth dos Santos Arcain,F,27.0,182.0,67.0,Brazil,BRA,1996 Summer,1996,Summer,Atlanta,Basketball,Basketball Women's Basketball,Silver
105957,53600,Janeth dos Santos Arcain,F,31.0,182.0,67.0,Brazil,BRA,2000 Summer,2000,Summer,Sydney,Basketball,Basketball Women's Basketball,Bronze
106112,53677,Janina Dia Chagas da Conceio,F,27.0,192.0,82.0,Brazil,BRA,2000 Summer,2000,Summer,Sydney,Volleyball,Volleyball Women's Volleyball,Bronze
106506,53867,"Jaqueline Maria ""Jaque"" Pereira de Carvalho Endres",F,24.0,186.0,71.0,Brazil,BRA,2008 Summer,2008,Summer,Beijing,Volleyball,Volleyball Women's Volleyball,Gold
106507,53867,"Jaqueline Maria ""Jaque"" Pereira de Carvalho Endres",F,28.0,186.0,71.0,Brazil,BRA,2012 Summer,2012,Summer,London,Volleyball,Volleyball Women's Volleyball,Gold
106885,54032,Jatyr Eduardo Schall,M,21.0,186.0,85.0,Brazil,BRA,1960 Summer,1960,Summer,Roma,Basketball,Basketball Men's Basketball,Bronze
106886,54032,Jatyr Eduardo Schall,M,25.0,186.0,85.0,Brazil,BRA,1964 Summer,1964,Summer,Tokyo,Basketball,Basketball Men's Basketball,Bronze
107004,54085,Carlos Alberto Borges Jayme,M,20.0,190.0,90.0,Brazil,BRA,2000 Summer,2000,Summer,Sydney,Swimming,Swimming Men's 4 x 100 metres Freestyle Relay,Bronze
108640,54942,"Joo ""J"" Alves de Assis Silva",M,21.0,189.0,76.0,Brazil,BRA,2008 Summer,2008,Summer,Beijing,Football,Football Men's Football,Bronze
108798,55025,"Srgio Lus ""Joo Paulo"" Donizetti",M,24.0,170.0,74.0,Brazil,BRA,1988 Summer,1988,Summer,Seoul,Football,Football Men's Football,Silver
108953,55088,Andr Bier Johannpeter,M,33.0,178.0,78.0,Brazil,BRA,1996 Summer,1996,Summer,Atlanta,Equestrianism,"Equestrianism Mixed Jumping, Team",Bronze
108955,55088,Andr Bier Johannpeter,M,37.0,178.0,78.0,Brazil,BRA,2000 Summer,2000,Summer,Sydney,Equestrianism,"Equestrianism Mixed Jumping, Team",Bronze
110576,55913,Jorge Edson Souza de Brito,M,25.0,192.0,90.0,Brazil,BRA,1992 Summer,1992,Summer,Barcelona,Volleyball,Volleyball Men's Volleyball,Gold
110595,55923,"Jorge Jos ""Jorginho"" de Amorim Campos",M,24.0,174.0,68.0,Brazil,BRA,1988 Summer,1988,Summer,Seoul,Football,Football Men's Football,Silver
111006,56163,Juan Guilherme Nunes Jesus,M,21.0,185.0,83.0,Brazil,BRA,2012 Summer,2012,Summer,London,Football,Football Men's Football,Silver
111171,56248,Juliana Ribeiro Cabral,F,22.0,169.0,60.0,Brazil,BRA,2004 Summer,2004,Summer,Athina,Football,Football Women's Football,Silver
111172,56249,Juliana Felisberta da Silva,F,29.0,177.0,63.0,Brazil-1,BRA,2012 Summer,2012,Summer,London,Beach Volleyball,Beach Volleyball Women's Beach Volleyball,Bronze
111321,56322,"Oswaldo ""Juninho Paulista"" Giroldo Jnior",M,23.0,167.0,70.0,Brazil,BRA,1996 Summer,1996,Summer,Atlanta,Football,Football Men's Football,Bronze
113635,57563,Karin Rodrigues,F,28.0,187.0,77.0,Brazil,BRA,2000 Summer,2000,Summer,Sydney,Volleyball,Volleyball Women's Volleyball,Bronze
114473,57972,Ktia Andreia Caldeira Lopes,F,27.0,172.0,64.0,Brazil,BRA,2000 Summer,2000,Summer,Sydney,Volleyball,Volleyball Women's Volleyball,Bronze
115577,58558,Kelly Silva dos Santos,F,20.0,193.0,92.0,Brazil,BRA,2000 Summer,2000,Summer,Sydney,Basketball,Basketball Women's Basketball,Bronze
115650,58595,Kelly Cristina Pereira da Silva,F,19.0,164.0,55.0,Brazil,BRA,2004 Summer,2004,Summer,Athina,Football,Football Women's Football,Silver
115684,58609,Kely Kolasco Fraga,F,25.0,193.0,79.0,Brazil,BRA,2000 Summer,2000,Summer,Sydney,Volleyball,Volleyball Women's Volleyball,Bronze
117932,59674,"rika Kelly ""Kiki"" Pereira Coimbra",F,20.0,179.0,67.0,Brazil,BRA,2000 Summer,2000,Summer,Sydney,Volleyball,Volleyball Women's Volleyball,Bronze
120289,60883,"Joo ""Kita"" Leithardt Neto",M,26.0,180.0,73.0,Brazil,BRA,1984 Summer,1984,Summer,Los Angeles,Football,Football Men's Football,Silver
120291,60885,Felipe Eidji Kitadai,M,22.0,164.0,60.0,Brazil,BRA,2012 Summer,2012,Summer,London,Judo,Judo Men's Extra-Lightweight,Bronze
122812,62079,"Renata Aparacida ""Kki"" da Costa",F,18.0,171.0,68.0,Brazil,BRA,2004 Summer,2004,Summer,Athina,Football,Football Women's Football,Silver
122813,62079,"Renata Aparacida ""Kki"" da Costa",F,22.0,171.0,68.0,Brazil,BRA,2008 Summer,2008,Summer,Beijing,Football,Football Women's Football,Silver
129157,65026,Kahena Kunze,F,25.0,172.0,68.0,Brazil,BRA,2016 Summer,2016,Summer,Rio de Janeiro,Sailing,Sailing Women's Skiff,Gold
132551,66721,Larissa Frana Maestrini,F,30.0,174.0,68.0,Brazil-1,BRA,2012 Summer,2012,Summer,London,Beach Volleyball,Beach Volleyball Women's Beach Volleyball,Bronze
136151,68490,Leila de Souza Sobral Freitas,F,21.0,187.0,83.0,Brazil,BRA,1996 Summer,1996,Summer,Atlanta,Basketball,Basketball Women's Basketball,Silver
136154,68491,Leila de Gomes de Barros,F,24.0,179.0,72.0,Brazil,BRA,1996 Summer,1996,Summer,Atlanta,Volleyball,Volleyball Women's Volleyball,Bronze
136155,68491,Leila de Gomes de Barros,F,28.0,179.0,72.0,Brazil,BRA,2000 Summer,2000,Summer,Sydney,Volleyball,Volleyball Women's Volleyball,Bronze
136263,68536,Jorge Luiz Fernandes Leite,M,18.0,188.0,87.0,Brazil,BRA,1980 Summer,1980,Summer,Moskva,Swimming,Swimming Men's 4 x 200 metres Freestyle Relay,Bronze
139054,69856,Lilian Cristina Lopes Gonalves,F,21.0,186.0,68.0,Brazil,BRA,2000 Summer,2000,Summer,Sydney,Basketball,Basketball Women's Basketball,Bronze
140131,70353,"Danielle ""Dani"" Rodrigues Lins",F,27.0,183.0,71.0,Brazil,BRA,2012 Summer,2012,Summer,London,Volleyball,Volleyball Women's Volleyball,Gold
143324,71937,Luan Guilherme de Jesus Vieira,M,23.0,180.0,71.0,Brazil,BRA,2016 Summer,2016,Summer,Rio de Janeiro,Football,Football Men's Football,Gold
143341,71941,Luan Garcia Teixeira,M,23.0,183.0,79.0,Brazil,BRA,2016 Summer,2016,Summer,Rio de Janeiro,Football,Football Men's Football,Gold
143414,71981,Ricardo Samuel Lucarelli Santos de Souza,M,24.0,195.0,79.0,Brazil,BRA,2016 Summer,2016,Summer,Rio de Janeiro,Volleyball,Volleyball Men's Volleyball,Gold
143417,71984,Lucas Pezzini Leiva,M,21.0,179.0,74.0,Brazil,BRA,2008 Summer,2008,Summer,Beijing,Football,Football Men's Football,Bronze
143418,71985,Lucas Rodrigues Moura da Silva,M,19.0,173.0,81.0,Brazil,BRA,2012 Summer,2012,Summer,London,Football,Football Men's Football,Silver
143750,72160,Luiz Felipe Marques Fonteles,M,32.0,196.0,89.0,Brazil,BRA,2016 Summer,2016,Summer,Rio de Janeiro,Volleyball,Volleyball Men's Volleyball,Gold
143752,72162,"Luiz Carlos ""Luizo"" Bombonato Goulart",M,20.0,178.0,77.0,Brazil,BRA,1996 Summer,1996,Summer,Atlanta,Football,Football Men's Football,Bronze
145951,73244,Djan Garrido Madruga,M,21.0,181.0,69.0,Brazil,BRA,1980 Summer,1980,Summer,Moskva,Swimming,Swimming Men's 4 x 200 metres Freestyle Relay,Bronze
146271,73404,Maurren Higa Maggi,F,32.0,173.0,61.0,Brazil,BRA,2008 Summer,2008,Summer,Beijing,Athletics,Athletics Women's Long Jump,Gold
149024,74746,"Marcelo ""Marcelinho"" Elgarten",M,33.0,183.0,78.0,Brazil,BRA,2008 Summer,2008,Summer,Beijing,Volleyball,Volleyball Men's Volleyball,Silver
149025,74747,"Marcelo Jos ""Marcelinho Paulista"" de Souza",M,22.0,175.0,72.0,Brazil,BRA,1996 Summer,1996,Summer,Atlanta,Football,Football Men's Football,Bronze
149035,74757,Marcelo Vieira da Silva Jnior,M,20.0,173.0,72.0,Brazil,BRA,2008 Summer,2008,Summer,Beijing,Football,Football Men's Football,Bronze
149036,74757,Marcelo Vieira da Silva Jnior,M,24.0,173.0,72.0,Brazil,BRA,2012 Summer,2012,Summer,London,Football,Football Men's Football,Silver
149187,74833,"Mrcia Regina ""Mrcia Fu"" Cunha",F,26.0,185.0,80.0,Brazil,BRA,1996 Summer,1996,Summer,Atlanta,Volleyball,Volleyball Women's Volleyball,Bronze
149214,74846,Mrcio Henrique Barroso Arajo,M,34.0,192.0,89.0,Brazil-1,BRA,2008 Summer,2008,Summer,Beijing,Beach Volleyball,Beach Volleyball Men's Beach Volleyball,Silver
149277,74881,Marcus Vincius Freire Simes,M,21.0,195.0,87.0,Brazil,BRA,1984 Summer,1984,Summer,Los Angeles,Volleyball,Volleyball Men's Volleyball,Silver
149510,74992,"Marianne ""Mari"" Steinbrecher",F,24.0,188.0,70.0,Brazil,BRA,2008 Summer,2008,Summer,Beijing,Volleyball,Volleyball Women's Volleyball,Gold
149540,75010,Arthur Nory Oyakawa Mariano,M,22.0,169.0,65.0,Brazil,BRA,2016 Summer,2016,Summer,Rio de Janeiro,Gymnastics,Gymnastics Men's Floor Exercise,Bronze
150156,75309,Wlamir Marques,M,23.0,185.0,80.0,Brazil,BRA,1960 Summer,1960,Summer,Roma,Basketball,Basketball Men's Basketball,Bronze
150157,75309,Wlamir Marques,M,27.0,185.0,80.0,Brazil,BRA,1964 Summer,1964,Summer,Tokyo,Basketball,Basketball Men's Basketball,Bronze
150193,75337,"Marcos ""Marquinhos"" Aos Corra",M,22.0,185.0,75.0,Brazil,BRA,2016 Summer,2016,Summer,Rio de Janeiro,Football,Football Men's Football,Gold
150395,75451,Marta Vieira da Silva,F,18.0,162.0,58.0,Brazil,BRA,2004 Summer,2004,Summer,Athina,Football,Football Women's Football,Silver
150396,75451,Marta Vieira da Silva,F,22.0,162.0,58.0,Brazil,BRA,2008 Summer,2008,Summer,Beijing,Football,Football Women's Football,Silver
152850,76709,Marcus Laborne Mattioli,M,19.0,181.0,75.0,Brazil,BRA,1980 Summer,1980,Summer,Moskva,Swimming,Swimming Men's 4 x 200 metres Freestyle Relay,Bronze
153105,76846,Maurcio Camargo Lima,M,24.0,184.0,81.0,Brazil,BRA,1992 Summer,1992,Summer,Barcelona,Volleyball,Volleyball Men's Volleyball,Gold
153108,76846,Maurcio Camargo Lima,M,36.0,184.0,81.0,Brazil,BRA,2004 Summer,2004,Summer,Athina,Volleyball,Volleyball Men's Volleyball,Gold
153111,76849,Maurine Dorneles Gonalves,F,22.0,159.0,51.0,Brazil,BRA,2008 Summer,2008,Summer,Beijing,Football,Football Women's Football,Silver
153356,76966,"Andria ""Maycon"" dos Santos",F,27.0,155.0,56.0,Brazil,BRA,2004 Summer,2004,Summer,Athina,Football,Football Women's Football,Silver
153357,76966,"Andria ""Maycon"" dos Santos",F,31.0,155.0,56.0,Brazil,BRA,2008 Summer,2008,Summer,Beijing,Football,Football Women's Football,Silver
156675,78703,Sarah Gabrielle Cabral de Menezes,F,22.0,154.0,48.0,Brazil,BRA,2012 Summer,2012,Summer,London,Judo,Judo Women's Extra-Lightweight,Gold
158470,79547,Aurlio Fernndez Miguel,M,32.0,180.0,95.0,Brazil,BRA,1996 Summer,1996,Summer,Atlanta,Judo,Judo Men's Half-Heavyweight,Bronze
159501,80046,Mlton de Souza Filho,M,26.0,178.0,73.0,Brazil,BRA,1988 Summer,1988,Summer,Seoul,Football,Football Men's Football,Silver
160014,80295,Victor Mirshauswka,M,23.0,189.0,83.0,Brazil,BRA,1964 Summer,1964,Summer,Tokyo,Basketball,Basketball Men's Basketball,Bronze
162044,81351,Mnica Anglica de Paula,F,26.0,178.0,76.0,Brazil,BRA,2004 Summer,2004,Summer,Athina,Football,Football Women's Football,Silver
162209,81449,Jos Montanaro Jnior,M,26.0,187.0,81.0,Brazil,BRA,1984 Summer,1984,Summer,Los Angeles,Volleyball,Volleyball Men's Volleyball,Silver
163165,81914,Jos Carlos Gomes Moreira,M,24.0,172.0,76.0,Brazil,BRA,2008 Summer,2008,Summer,Beijing,Athletics,Athletics Men's 4 x 100 metres Relay,Bronze
164151,82395,Ana Beatriz Moser,F,27.0,185.0,70.0,Brazil,BRA,1996 Summer,1996,Summer,Atlanta,Volleyball,Volleyball Women's Volleyball,Bronze
164288,82467,"Carlos ""Mosquito"" Domingos Massoni",M,21.0,178.0,80.0,Brazil,BRA,1960 Summer,1960,Summer,Roma,Basketball,Basketball Men's Basketball,Bronze
164289,82467,"Carlos ""Mosquito"" Domingos Massoni",M,25.0,178.0,80.0,Brazil,BRA,1964 Summer,1964,Summer,Tokyo,Basketball,Basketball Men's Basketball,Bronze
166248,83492,Murilo Endres,M,27.0,190.0,76.0,Brazil,BRA,2008 Summer,2008,Summer,Beijing,Volleyball,Volleyball Men's Volleyball,Silver
166249,83492,Murilo Endres,M,31.0,190.0,76.0,Brazil,BRA,2012 Summer,2012,Summer,London,Volleyball,Volleyball Men's Volleyball,Silver
168022,84417,Nalbert Tavares Bitencourt,M,30.0,196.0,91.0,Brazil,BRA,2004 Summer,2004,Summer,Athina,Volleyball,Volleyball Men's Volleyball,Gold
168224,84526,Narciso dos Santos,M,22.0,184.0,80.0,Brazil,BRA,1996 Summer,1996,Summer,Atlanta,Football,Football Men's Football,Bronze
168329,84582,Andr Luiz da Silva Nascimento,M,25.0,195.0,95.0,Brazil,BRA,2004 Summer,2004,Summer,Athina,Volleyball,Volleyball Men's Volleyball,Gold
168330,84582,Andr Luiz da Silva Nascimento,M,29.0,195.0,95.0,Brazil,BRA,2008 Summer,2008,Summer,Beijing,Volleyball,Volleyball Men's Volleyball,Silver
168477,84677,Natlia Zlio Pereira,F,23.0,184.0,76.0,Brazil,BRA,2012 Summer,2012,Summer,London,Volleyball,Volleyball Women's Volleyball,Gold
169242,85079,Marcelo Teles Negro,M,19.0,198.0,94.0,Brazil,BRA,1992 Summer,1992,Summer,Barcelona,Volleyball,Volleyball Men's Volleyball,Gold
169906,85397,Jos Ferreira Neto,M,22.0,173.0,73.0,Brazil,BRA,1988 Summer,1988,Summer,Seoul,Football,Football Men's Football,Silver
169907,85398,Norberto Murara Neto,M,23.0,191.0,83.0,Brazil,BRA,2012 Summer,2012,Summer,London,Football,Football Men's Football,Silver
170192,85524,Leandro Vissotto Neves,M,29.0,212.0,97.0,Brazil,BRA,2012 Summer,2012,Summer,London,Volleyball,Volleyball Men's Volleyball,Silver
170195,85526,Thiago Neves Augusto,M,23.0,182.0,70.0,Brazil,BRA,2008 Summer,2008,Summer,Beijing,Football,Football Men's Football,Bronze
170377,85613,Neymar da Silva Santos Jnior,M,20.0,174.0,64.0,Brazil,BRA,2012 Summer,2012,Summer,London,Football,Football Men's Football,Silver
170378,85613,Neymar da Silva Santos Jnior,M,24.0,174.0,64.0,Brazil,BRA,2016 Summer,2016,Summer,Rio de Janeiro,Football,Football Men's Football,Gold
177374,89172,Luiz Yoshio Onmura,M,24.0,168.0,71.0,Brazil,BRA,1984 Summer,1984,Summer,Los Angeles,Judo,Judo Men's Lightweight,Bronze
178464,89709,Oscar dos Santos Emboaba Jnior,M,20.0,179.0,68.0,Brazil,BRA,2012 Summer,2012,Summer,London,Football,Football Men's Football,Silver
179905,90420,Nilton Pacheco de Oliveira,M,28.0,180.0,78.0,Brazil,BRA,1948 Summer,1948,Summer,London,Basketball,Basketball Men's Basketball,Bronze
180914,90924,"Andr Felipe ""Pampa"" Falbo Ferreira",M,27.0,194.0,90.0,Brazil,BRA,1992 Summer,1992,Summer,Barcelona,Volleyball,Volleyball Men's Volleyball,Gold
183392,92176,Maria Paula Gonalves da Silva,F,34.0,174.0,60.0,Brazil,BRA,1996 Summer,1996,Summer,Atlanta,Basketball,Basketball Women's Basketball,Silver
183393,92177,Paula Renata Marques Pequeno,F,26.0,184.0,74.0,Brazil,BRA,2008 Summer,2008,Summer,Beijing,Volleyball,Volleyball Women's Volleyball,Gold
183394,92177,Paula Renata Marques Pequeno,F,30.0,184.0,74.0,Brazil,BRA,2012 Summer,2012,Summer,London,Volleyball,Volleyball Women's Volleyball,Gold
183400,92181,"Paulo Andr ""Paulo"" Jukoski da Silva",M,28.0,201.0,94.0,Brazil,BRA,1992 Summer,1992,Summer,Barcelona,Volleyball,Volleyball Men's Volleyball,Gold
184791,92872,"Henrique ""Kiko"" Pellicano",M,22.0,187.0,70.0,Brazil,BRA,1996 Summer,1996,Summer,Atlanta,Sailing,Sailing Mixed Multihull,Bronze
185075,93022,Eduardo Henrique Gomes Penido,M,20.0,177.0,64.0,Brazil,BRA,1980 Summer,1980,Summer,Moskva,Sailing,Sailing Mixed Two Person Dinghy,Gold
185418,93218,Thiago Machado Vilela Pereira,M,26.0,187.0,83.0,Brazil,BRA,2012 Summer,2012,Summer,London,Swimming,Swimming Men's 400 metres Individual Medley,Silver
186453,93746,Rodrigo de Paula Pessoa,M,23.0,177.0,67.0,Brazil,BRA,1996 Summer,1996,Summer,Atlanta,Equestrianism,"Equestrianism Mixed Jumping, Team",Bronze
186455,93746,Rodrigo de Paula Pessoa,M,27.0,177.0,67.0,Brazil,BRA,2000 Summer,2000,Summer,Sydney,Equestrianism,"Equestrianism Mixed Jumping, Team",Bronze
192603,96701,Bruno Prada,M,37.0,185.0,110.0,Brazil,BRA,2008 Summer,2008,Summer,Beijing,Sailing,Sailing Men's Two Person Keelboat,Silver
192980,96895,"Delma ""Pretinha"" Gonalves",F,29.0,157.0,53.0,Brazil,BRA,2004 Summer,2004,Summer,Athina,Football,Football Women's Football,Silver
192981,96895,"Delma ""Pretinha"" Gonalves",F,33.0,157.0,53.0,Brazil,BRA,2008 Summer,2008,Summer,Beijing,Football,Football Women's Football,Silver
194869,97805,Ketleyn Lima Quadros,F,20.0,164.0,57.0,Brazil,BRA,2008 Summer,2008,Summer,Beijing,Judo,Judo Women's Lightweight,Bronze
194968,97845,Isaquias Queiroz dos Santos,M,22.0,175.0,85.0,Brazil,BRA,2016 Summer,2016,Summer,Rio de Janeiro,Canoeing,"Canoeing Men's Canadian Singles, 1,000 metres",Silver
194969,97845,Isaquias Queiroz dos Santos,M,22.0,175.0,85.0,Brazil,BRA,2016 Summer,2016,Summer,Rio de Janeiro,Canoeing,"Canoeing Men's Canadian Doubles, 1,000 metres",Silver
195716,98261,Rafael Pereira da Silva,M,22.0,172.0,65.0,Brazil,BRA,2012 Summer,2012,Summer,London,Football,Football Men's Football,Silver
195749,98282,"Mrcio Rafael ""Rafinha"" Ferreira de Souza",M,22.0,172.0,67.0,Brazil,BRA,2008 Summer,2008,Summer,Beijing,Football,Football Men's Football,Bronze
195750,98283,Rafael Alcntara do Nascimento,M,23.0,172.0,65.0,Brazil,BRA,2016 Summer,2016,Summer,Rio de Janeiro,Football,Football Men's Football,Gold
196440,98623,Ramires Santos do Nascimento,M,21.0,179.0,64.0,Brazil,BRA,2008 Summer,2008,Summer,Beijing,Football,Football Men's Football,Bronze
197083,98940,Raquel Peluci Xavier da Silva,F,22.0,191.0,71.0,Brazil,BRA,2000 Summer,2000,Summer,Sydney,Volleyball,Volleyball Women's Volleyball,Bronze
198970,99932,Renan dal Zotto,M,24.0,190.0,90.0,Brazil,BRA,1984 Summer,1984,Summer,Los Angeles,Volleyball,Volleyball Men's Volleyball,Silver
198972,99933,Renan Brito Soares,M,23.0,187.0,86.0,Brazil,BRA,2008 Summer,2008,Summer,Beijing,Football,Football Men's Football,Bronze
198984,99942,Renato Soares de Oliveira Augusto,M,28.0,186.0,90.0,Brazil,BRA,2016 Summer,2016,Summer,Rio de Janeiro,Football,Football Men's Football,Gold
199848,100388,Edson Luciano Ribeiro,M,23.0,190.0,95.0,Brazil,BRA,1996 Summer,1996,Summer,Atlanta,Athletics,Athletics Men's 4 x 100 metres Relay,Bronze
199849,100388,Edson Luciano Ribeiro,M,27.0,190.0,95.0,Brazil,BRA,2000 Summer,2000,Summer,Sydney,Athletics,Athletics Men's 4 x 100 metres Relay,Silver
199958,100428,Ricarda Raquel Barbosa Lima,F,30.0,185.0,66.0,Brazil,BRA,2000 Summer,2000,Summer,Sydney,Volleyball,Volleyball Women's Volleyball,Bronze
199959,100429,"Ricardo ""Ricardinho"" Bermudez Garcia",M,28.0,191.0,90.0,Brazil,BRA,2004 Summer,2004,Summer,Athina,Volleyball,Volleyball Men's Volleyball,Gold
199960,100429,"Ricardo ""Ricardinho"" Bermudez Garcia",M,36.0,191.0,90.0,Brazil,BRA,2012 Summer,2012,Summer,London,Volleyball,Volleyball Men's Volleyball,Silver
199961,100430,Ricardo Alex Costa Santos,M,25.0,200.0,102.0,Brazil-1,BRA,2000 Summer,2000,Summer,Sydney,Beach Volleyball,Beach Volleyball Men's Beach Volleyball,Silver
199962,100430,Ricardo Alex Costa Santos,M,29.0,200.0,102.0,Brazil-1,BRA,2004 Summer,2004,Summer,Athina,Beach Volleyball,Beach Volleyball Men's Beach Volleyball,Gold
199963,100430,Ricardo Alex Costa Santos,M,33.0,200.0,102.0,Brazil-2,BRA,2008 Summer,2008,Summer,Beijing,Beach Volleyball,Beach Volleyball Men's Beach Volleyball,Bronze
201264,101090,"Victor Borba ""Rivaldo"" Ferreira",M,24.0,186.0,73.0,Brazil,BRA,1996 Summer,1996,Summer,Atlanta,Football,Football Men's Football,Bronze
201647,101277,Roberto Carlos da Silva,M,23.0,168.0,67.0,Brazil,BRA,1996 Summer,1996,Summer,Atlanta,Football,Football Men's Football,Bronze
202400,101667,"Rodrigo ""Rodrigo"" Santana",M,25.0,205.0,85.0,Brazil,BRA,2004 Summer,2004,Summer,Athina,Volleyball,Volleyball Men's Volleyball,Gold
202401,101667,"Rodrigo ""Rodrigo"" Santana",M,29.0,205.0,85.0,Brazil,BRA,2008 Summer,2008,Summer,Beijing,Volleyball,Volleyball Men's Volleyball,Silver
202402,101667,"Rodrigo ""Rodrigo"" Santana",M,33.0,205.0,85.0,Brazil,BRA,2012 Summer,2012,Summer,London,Volleyball,Volleyball Men's Volleyball,Silver
202404,101669,Rodrigo Caio Coquette Russo,M,22.0,182.0,70.0,Brazil,BRA,2016 Summer,2016,Summer,Rio de Janeiro,Football,Football Men's Football,Gold
202405,101670,Rodrigo Dourado Cunha,M,22.0,186.0,79.0,Brazil,BRA,2016 Summer,2016,Summer,Rio de Janeiro,Football,Football Men's Football,Gold
203705,102272,Romrio de Souza Faria,M,22.0,169.0,65.0,Brazil,BRA,1988 Summer,1988,Summer,Seoul,Football,Football Men's Football,Silver
203910,102369,Rmulo Borges Monteiro,M,21.0,184.0,80.0,Brazil,BRA,2012 Summer,2012,Summer,London,Football,Football Men's Football,Silver
203924,102377,"Ronaldo Luiz Nazrio ""Ronaldinho"" de Lima",M,19.0,183.0,81.0,Brazil,BRA,1996 Summer,1996,Summer,Atlanta,Football,Football Men's Football,Bronze
203926,102378,"Ronaldo ""Ronaldinho"" de Asss Moreira",M,28.0,180.0,76.0,Brazil,BRA,2008 Summer,2008,Summer,Beijing,Football,Football Men's Football,Bronze
204159,102494,Andria Rosa de Andrade,F,24.0,172.0,63.0,Brazil,BRA,2008 Summer,2008,Summer,Beijing,Football,Football Women's Football,Silver
204177,102507,"Carmo ""Rosa Branca"" de Souza",M,20.0,190.0,89.0,Brazil,BRA,1960 Summer,1960,Summer,Roma,Basketball,Basketball Men's Basketball,Bronze
204178,102507,"Carmo ""Rosa Branca"" de Souza",M,24.0,190.0,89.0,Brazil,BRA,1964 Summer,1964,Summer,Tokyo,Basketball,Basketball Men's Basketball,Bronze
204194,102520,Rosana dos Santos Augusto,F,22.0,173.0,64.0,Brazil,BRA,2004 Summer,2004,Summer,Athina,Football,Football Women's Football,Silver
204195,102520,Rosana dos Santos Augusto,F,26.0,173.0,64.0,Brazil,BRA,2008 Summer,2008,Summer,Beijing,Football,Football Women's Football,Silver
204295,102571,Roseli do Carmo Gustavo,F,24.0,180.0,69.0,Brazil,BRA,1996 Summer,1996,Summer,Atlanta,Basketball,Basketball Women's Basketball,Silver
204298,102572,Roseli de Belo,F,34.0,156.0,56.0,Brazil,BRA,2004 Summer,2004,Summer,Athina,Football,Football Women's Football,Silver
205929,103368,Rui Campos Nascimento,M,23.0,194.0,90.0,Brazil,BRA,1984 Summer,1984,Summer,Los Angeles,Volleyball,Volleyball Men's Volleyball,Silver
207258,103994,Lucas Saatkamp,M,26.0,209.0,101.0,Brazil,BRA,2012 Summer,2012,Summer,London,Volleyball,Volleyball Men's Volleyball,Silver
207259,103994,Lucas Saatkamp,M,30.0,209.0,101.0,Brazil,BRA,2016 Summer,2016,Summer,Rio de Janeiro,Volleyball,Volleyball Men's Volleyball,Gold
209231,105048,Samuel Fuchs,M,24.0,200.0,89.0,Brazil,BRA,2008 Summer,2008,Summer,Beijing,Volleyball,Volleyball Men's Volleyball,Silver
209233,105049,Adriana Ramos Samuel,F,34.0,178.0,65.0,Brazil-2,BRA,2000 Summer,2000,Summer,Sydney,Beach Volleyball,Beach Volleyball Women's Beach Volleyball,Bronze
209877,105384,Sandra Maria Suruagy Lima,F,33.0,178.0,63.0,Brazil,BRA,1996 Summer,1996,Summer,Atlanta,Volleyball,Volleyball Women's Volleyball,Bronze
209878,105385,Sandra Tavares Pires Nascimento,F,23.0,174.0,64.0,Brazil-1,BRA,1996 Summer,1996,Summer,Atlanta,Beach Volleyball,Beach Volleyball Women's Beach Volleyball,Gold
209879,105385,Sandra Tavares Pires Nascimento,F,27.0,174.0,64.0,Brazil-2,BRA,2000 Summer,2000,Summer,Sydney,Beach Volleyball,Beach Volleyball Women's Beach Volleyball,Bronze
209883,105388,Sandro Raniere Guimares Cordeiro,M,23.0,187.0,75.0,Brazil,BRA,2012 Summer,2012,Summer,London,Football,Football Men's Football,Silver
210415,105648,Paulo dos Santos,M,24.0,178.0,64.0,Brazil,BRA,1984 Summer,1984,Summer,Los Angeles,Football,Football Men's Football,Silver
210983,105947,"Welissa ""Sass"" de Souza Gonzaga",F,25.0,179.0,76.0,Brazil,BRA,2008 Summer,2008,Summer,Beijing,Volleyball,Volleyball Women's Volleyball,Gold
211624,106274,Svio Pimentel Bortolini,M,22.0,176.0,70.0,Brazil,BRA,1996 Summer,1996,Summer,Atlanta,Football,Football Men's Football,Bronze
212472,106683,Robert Scheidt,M,23.0,188.0,76.0,Brazil,BRA,1996 Summer,1996,Summer,Atlanta,Sailing,Sailing Mixed One Person Dinghy,Gold
212473,106683,Robert Scheidt,M,27.0,188.0,76.0,Brazil,BRA,2000 Summer,2000,Summer,Sydney,Sailing,Sailing Mixed One Person Dinghy,Silver
212474,106683,Robert Scheidt,M,31.0,188.0,76.0,Brazil,BRA,2004 Summer,2004,Summer,Athina,Sailing,Sailing Mixed One Person Dinghy,Gold
212475,106683,Robert Scheidt,M,35.0,188.0,76.0,Brazil,BRA,2008 Summer,2008,Summer,Beijing,Sailing,Sailing Men's Two Person Keelboat,Silver
212476,106683,Robert Scheidt,M,39.0,188.0,76.0,Brazil,BRA,2012 Summer,2012,Summer,London,Sailing,Sailing Men's Two Person Keelboat,Bronze
212637,106767,"Fernando ""Xuxa"" de Queiroz Scherer",M,21.0,193.0,85.0,Brazil,BRA,1996 Summer,1996,Summer,Atlanta,Swimming,Swimming Men's 50 metres Freestyle,Bronze
212641,106767,"Fernando ""Xuxa"" de Queiroz Scherer",M,25.0,193.0,85.0,Brazil,BRA,2000 Summer,2000,Summer,Sydney,Swimming,Swimming Men's 4 x 100 metres Freestyle Relay,Bronze
213238,107078,Bruno Oscar Schmidt,M,29.0,185.0,87.0,Brazil-1,BRA,2016 Summer,2016,Summer,Rio de Janeiro,Beach Volleyball,Beach Volleyball Men's Beach Volleyball,Gold
216376,108616,Ronaldo Camargo Ribeiro Senfft,M,30.0,170.0,83.0,Brazil,BRA,1984 Summer,1984,Summer,Los Angeles,Sailing,Sailing Mixed Three Person Keelboat,Silver
216742,108827,"Srgio ""Srgio Macarro"" de Toledo Machado",M,19.0,191.0,88.0,Brazil,BRA,1964 Summer,1964,Summer,Tokyo,Basketball,Basketball Men's Basketball,Bronze
217959,109482,Sheilla Tavares de Castro Blassioli,F,25.0,185.0,65.0,Brazil,BRA,2008 Summer,2008,Summer,Beijing,Volleyball,Volleyball Women's Volleyball,Gold
217960,109482,Sheilla Tavares de Castro Blassioli,F,29.0,185.0,65.0,Brazil,BRA,2012 Summer,2012,Summer,London,Volleyball,Volleyball Women's Volleyball,Gold
217979,109492,Shelda Kelly Bruno Bede,F,27.0,165.0,59.0,Brazil-1,BRA,2000 Summer,2000,Summer,Sydney,Beach Volleyball,Beach Volleyball Women's Beach Volleyball,Silver
217980,109492,Shelda Kelly Bruno Bede,F,31.0,165.0,59.0,Brazil-1,BRA,2004 Summer,2004,Summer,Athina,Beach Volleyball,Beach Volleyball Women's Beach Volleyball,Silver
219324,110176,"Sidnei ""Sido"" dos Santos Junior",M,30.0,203.0,98.0,Brazil,BRA,2012 Summer,2012,Summer,London,Volleyball,Volleyball Men's Volleyball,Silver
219941,110486,Alex Sandro da Silva,M,23.0,192.0,80.0,Brazil,BRA,2008 Summer,2008,Summer,Beijing,Football,Football Men's Football,Bronze
219991,110508,Erlon de Souza Silva,M,25.0,175.0,78.0,Brazil,BRA,2016 Summer,2016,Summer,Rio de Janeiro,Canoeing,"Canoeing Men's Canadian Doubles, 1,000 metres",Silver
220012,110521,"Jacqueline Louise ""Jackie"" da Cruz Silva",F,34.0,170.0,61.0,Brazil-1,BRA,1996 Summer,1996,Summer,Atlanta,Beach Volleyball,Beach Volleyball Women's Beach Volleyball,Gold
220065,110549,Rafaela Lopes Silva,F,24.0,169.0,57.0,Brazil,BRA,2016 Summer,2016,Summer,Rio de Janeiro,Judo,Judo Women's Lightweight,Gold
220076,110558,Thiago Emiliano da Silva,M,23.0,183.0,72.0,Brazil,BRA,2008 Summer,2008,Summer,Beijing,Football,Football Men's Football,Bronze
220077,110558,Thiago Emiliano da Silva,M,27.0,183.0,72.0,Brazil,BRA,2012 Summer,2012,Summer,London,Football,Football Men's Football,Silver
220094,110566,Edvaldo Valrio da Silva Filho,M,22.0,194.0,78.0,Brazil,BRA,2000 Summer,2000,Summer,Sydney,Swimming,Swimming Men's 4 x 100 metres Freestyle Relay,Bronze
220136,110590,"Silvia Andrea ""Silvinha"" Santos Luz",F,21.0,173.0,66.0,Brazil,BRA,1996 Summer,1996,Summer,Atlanta,Basketball,Basketball Women's Basketball,Silver
220137,110590,"Silvia Andrea ""Silvinha"" Santos Luz",F,25.0,173.0,66.0,Brazil,BRA,2000 Summer,2000,Summer,Sydney,Basketball,Basketball Women's Basketball,Bronze
220141,110593,"Silvio ""Silvinho"" Paiva",M,25.0,169.0,63.0,Brazil,BRA,1984 Summer,1984,Summer,Los Angeles,Football,Football Men's Football,Silver
220501,110748,Jos Edvar Simes,M,21.0,185.0,80.0,Brazil,BRA,1964 Summer,1964,Summer,Tokyo,Basketball,Basketball Men's Basketball,Bronze
220637,110816,Simone Gomes Jatob,F,27.0,172.0,66.0,Brazil,BRA,2008 Summer,2008,Summer,Beijing,Football,Football Women's Football,Silver
224203,112616,Marcos Pinto Rizzo Soares,M,19.0,173.0,68.0,Brazil,BRA,1980 Summer,1980,Summer,Moskva,Sailing,Sailing Mixed Two Person Dinghy,Gold
224267,112647,Rafael Augusto Sbis do Nascimento,M,23.0,173.0,71.0,Brazil,BRA,2008 Summer,2008,Summer,Beijing,Football,Football Men's Football,Bronze
224290,112664,Marta de Souza Sobral,F,32.0,190.0,74.0,Brazil,BRA,1996 Summer,1996,Summer,Atlanta,Basketball,Basketball Women's Basketball,Silver
224291,112664,Marta de Souza Sobral,F,36.0,190.0,74.0,Brazil,BRA,2000 Summer,2000,Summer,Sydney,Basketball,Basketball Women's Basketball,Bronze
225792,113459,Cludio Roberto de Sousa,M,26.0,168.0,72.0,Brazil,BRA,2000 Summer,2000,Summer,Sydney,Athletics,Athletics Men's 4 x 100 metres Relay,Silver
225842,113486,Douglas Correia de Souza,M,20.0,199.0,75.0,Brazil,BRA,2016 Summer,2016,Summer,Rio de Janeiro,Volleyball,Volleyball Men's Volleyball,Gold
225874,113499,Maurcio Luiz de Souza,M,27.0,209.0,93.0,Brazil,BRA,2016 Summer,2016,Summer,Rio de Janeiro,Volleyball,Volleyball Men's Volleyball,Gold
231465,116136,Antnio Salvador Sucar,M,21.0,200.0,100.0,Brazil,BRA,1960 Summer,1960,Summer,Roma,Basketball,Basketball Men's Basketball,Bronze
231466,116136,Antnio Salvador Sucar,M,25.0,200.0,100.0,Brazil,BRA,1964 Summer,1964,Summer,Tokyo,Basketball,Basketball Men's Basketball,Bronze
233413,117059,Isabel Marques Swan,F,24.0,181.0,69.0,Brazil,BRA,2008 Summer,2008,Summer,Beijing,Sailing,Sailing Women's Two Person Dinghy,Bronze
234828,117764,Cludio Andr Mergen Taffarel,M,22.0,182.0,80.0,Brazil,BRA,1988 Summer,1988,Summer,Seoul,Football,Football Men's Football,Silver
235647,118149,Talmo Curto de Oliveira,M,22.0,194.0,87.0,Brazil,BRA,1992 Summer,1992,Summer,Barcelona,Volleyball,Volleyball Men's Volleyball,Gold
236135,118390,Tandara Caixeta,F,23.0,184.0,87.0,Brazil,BRA,2012 Summer,2012,Summer,London,Volleyball,Volleyball Women's Volleyball,Gold
236139,118394,"Alexandre ""Tande"" Ramos Samuel",M,22.0,200.0,85.0,Brazil,BRA,1992 Summer,1992,Summer,Barcelona,Volleyball,Volleyball Men's Volleyball,Gold
236257,118455,"Tnia Maria ""Tnia Maranho"" Pereira Ribeiro",F,29.0,166.0,55.0,Brazil,BRA,2004 Summer,2004,Summer,Athina,Football,Football Women's Football,Silver
236258,118455,"Tnia Maria ""Tnia Maranho"" Pereira Ribeiro",F,33.0,166.0,55.0,Brazil,BRA,2008 Summer,2008,Summer,Beijing,Football,Football Women's Football,Silver
238255,119466,Thasa Daher de Menezes,F,21.0,196.0,75.0,Brazil,BRA,2008 Summer,2008,Summer,Beijing,Volleyball,Volleyball Women's Volleyball,Gold
238256,119466,Thasa Daher de Menezes,F,25.0,196.0,75.0,Brazil,BRA,2012 Summer,2012,Summer,London,Volleyball,Volleyball Women's Volleyball,Gold
238633,119627,Thiago Maia Alencar,M,19.0,178.0,64.0,Brazil,BRA,2016 Summer,2016,Summer,Rio de Janeiro,Football,Football Men's Football,Gold
246978,123661,Bruno Uvini Bortolana,M,21.0,190.0,85.0,Brazil,BRA,2012 Summer,2012,Summer,London,Football,Football Men's Football,Silver
247633,123985,"Valeska ""Valeskinha"" dos Santos Menezes",F,32.0,180.0,62.0,Brazil,BRA,2008 Summer,2008,Summer,Beijing,Volleyball,Volleyball Women's Volleyball,Gold
252152,126277,Sandro Ricardo Rodrigues Viana,M,31.0,188.0,77.0,Brazil,BRA,2008 Summer,2008,Summer,Beijing,Athletics,Athletics Men's 4 x 100 metres Relay,Bronze
252454,126422,Douglas Eduardo Vieira,M,24.0,170.0,95.0,Brazil,BRA,1984 Summer,1984,Summer,Los Angeles,Judo,Judo Men's Half-Heavyweight,Silver
253186,126786,Virna Cristine Dantes Dias,F,24.0,185.0,72.0,Brazil,BRA,1996 Summer,1996,Summer,Atlanta,Volleyball,Volleyball Women's Volleyball,Bronze
253187,126786,Virna Cristine Dantes Dias,F,29.0,185.0,72.0,Brazil,BRA,2000 Summer,2000,Summer,Sydney,Volleyball,Volleyball Women's Volleyball,Bronze
255705,128021,Walace Souza Silva,M,21.0,188.0,75.0,Brazil,BRA,2016 Summer,2016,Summer,Rio de Janeiro,Football,Football Men's Football,Gold
255807,128070,Walewska Moreira de Oliveira,F,21.0,190.0,73.0,Brazil,BRA,2000 Summer,2000,Summer,Sydney,Volleyball,Volleyball Women's Volleyball,Bronze
255809,128070,Walewska Moreira de Oliveira,F,29.0,190.0,73.0,Brazil,BRA,2008 Summer,2008,Summer,Beijing,Volleyball,Volleyball Women's Volleyball,Gold
255949,128152,Wallace Leandro de Souza,M,25.0,198.0,87.0,Brazil,BRA,2012 Summer,2012,Summer,London,Volleyball,Volleyball Men's Volleyball,Silver
255950,128152,Wallace Leandro de Souza,M,29.0,198.0,87.0,Brazil,BRA,2016 Summer,2016,Summer,Rio de Janeiro,Volleyball,Volleyball Men's Volleyball,Gold
258813,129573,Alexander Welter,M,27.0,186.0,75.0,Brazil,BRA,1980 Summer,1980,Summer,Moskva,Sailing,Sailing Mixed Multihull,Gold
259454,129899,Wverton Pereira da Silva,M,28.0,189.0,86.0,Brazil,BRA,2016 Summer,2016,Summer,Rio de Janeiro,Football,Football Men's Football,Gold
260884,130540,William Carvalho da Silva,M,29.0,185.0,80.0,Brazil,BRA,1984 Summer,1984,Summer,Los Angeles,Volleyball,Volleyball Men's Volleyball,Silver
260886,130541,William de Asevedo Furtado,M,21.0,176.0,65.0,Brazil,BRA,2016 Summer,2016,Summer,Rio de Janeiro,Football,Football Men's Football,Gold
261703,130944,Lus Carlos Coelho Winck,M,21.0,177.0,75.0,Brazil,BRA,1984 Summer,1984,Summer,Los Angeles,Football,Football Men's Football,Silver
261704,130944,Lus Carlos Coelho Winck,M,25.0,177.0,75.0,Brazil,BRA,1988 Summer,1988,Summer,Seoul,Football,Football Men's Football,Silver
263727,131977,"Mrio ""Xand"" de Oliveira Neto",M,22.0,193.0,94.0,Brazil,BRA,1984 Summer,1984,Summer,Los Angeles,Volleyball,Volleyball Men's Volleyball,Silver
267294,133724,"Ilisaine Karen ""Zaine"" David",F,22.0,190.0,70.0,Brazil,BRA,2000 Summer,2000,Summer,Sydney,Basketball,Basketball Women's Basketball,Bronze
267709,133931,Arthur Nabarrete Zanetti,M,26.0,156.0,61.0,Brazil,BRA,2016 Summer,2016,Summer,Rio de Janeiro,Gymnastics,Gymnastics Men's Rings,Silver
268211,134186,"Jos Elias ""Z Elias"" Moedim Jnior",M,19.0,178.0,75.0,Brazil,BRA,1996 Summer,1996,Summer,Atlanta,Football,Football Men's Football,Bronze
268218,134190,"Jos Marco ""Z Marco"" Nobrega Ferreira de Melo",M,29.0,190.0,86.0,Brazil-1,BRA,2000 Summer,2000,Summer,Sydney,Beach Volleyball,Beach Volleyball Men's Beach Volleyball,Silver
268219,134191,"Jos Marcelo ""Z Maria"" Ferreira",M,22.0,175.0,71.0,Brazil,BRA,1996 Summer,1996,Summer,Atlanta,Football,Football Men's Football,Bronze
268247,134211,Jos Carlos Cracco Neto,M,22.0,170.0,69.0,Brazil,BRA,2016 Summer,2016,Summer,Rio de Janeiro,Football,Football Men's Football,Gold
